{
  "name": "Raydium Dev Token List",
  "timestamp": "2021-10-22T05:58:23.919Z",
  "tokens": [
    {
      "symbol": "Test Base",
      "name": "Test Base",
      "mint": "7WVMpKPcpDp6ezRp5uw4R1MZchQkDuFGaudCa87MA1aR",
      "decimals": 9,
      "extensions": {}
    },
    {
      "symbol": "Test Quote",
      "name": "Test Quote",
      "mint": "2nkxLptGxQCfaar541Cr87G4v6VuA6BvVWqxsHNVCYoA",
      "decimals": 6,
      "extensions": {}
    },
    {
      "symbol": "prANA",
      "name": "prANA",
      "mint": "PRAxfbouRoJ9yZqhyejEAH6RvjJ86Y82vfiZTBSM3xG",
      "decimals": 6,
      "extensions": {}
    }
  ]
}